{
  "pillar_weights": {
    "Survival & Colonization": 0.5804624046114112,
    "Functional & Metabolic Benefits": 0.4195375953885888
  },
  "survival_weights": {
    "B1: Acid and bile tolerance": 0.3967562316832862,
    "B2: General stress response": 0.1499428076396088,
    "B3: Mucus adhesion capacity": 0.2929900636249069,
    "B4: Exopolysaccharide production": 0.08956994075889362,
    "B5: Defense systems": 0.07074095629330446
  },
  "benefit_weights": {
    "C1: Antimicrobial activity": 0.2398379707919783,
    "C2: Beneficial metabolites": 0.2840992011487722,
    "C3: Carbohydrate metabolism": 0.08779617118044997,
    "C4: Antioxidant enzymes": 0.1072182562983663,
    "C5: Immunomodulatory potential": 0.2810484005804332
  },
  "safety_weights": {
    "A1: Antimicrobial resistance": 0.1924545549394046,
    "A2: Virulence": 0.3052262302096904,
    "A3: Toxin production": 0.3951436830443453,
    "A4: Genomic instability": 0.1071755318065597
  }
}